file_name,source_folder,domain,subdomain,source_type,knowledge_type,evidence_level,priority,keep,ingest_to_qdrant,reference_only,can_influence_chakra_score,can_influence_raga_recommendation,can_support_medical_context,requires_review,duplicate_of,reason,author,publication_title,license_status,source_verification_status,ingestion_status
Brain & nervous system  .pdf,Brain Theory,brain_and_cognition,neuroanatomy_basics,ANAHAT_own_IP,clinical_reference,LEVEL_3,HIGH,yes,yes,no,no,no,yes,no,,"Small ANAHAT training doc, text-extractable, safe copyright status",ANAHAT Music Therapy Training (course material; relationship to this project not independently confirmed),,proprietary_ANAHAT_org_ip_relationship_unconfirmed,source_identified_publisher_relationship_unconfirmed,approved_for_ingestion_pending_ip_relationship_confirmation
Brain Waves.pdf,Brain Theory,brain_and_cognition,brainwave_states,third_party_unattributed,clinical_reference,LEVEL_UNKNOWN,MEDIUM,yes,yes,no,no,no,yes,yes,,No author/publisher found in text; verify source before ingest,not identified in document text,,unknown_no_rights_holder_identified,source_verification_required,approved_for_ingestion
Brain_Mind_Behaviour.pdf,Brain Theory,brain_and_cognition,neuropsychology,third_party_book,clinical_reference,LEVEL_2,MEDIUM,yes,review_pending,no,no,no,yes,yes,,"Also appears duplicated in Psychology folder -- same file, single canonical copy",,,commercially_published_no_ingestion_license_confirmed,source_verification_required,do_not_ingest_full_text
Functioning of Nervous system.pdf,Brain Theory,neurology,nervous_system_basics,ANAHAT_own_IP,clinical_reference,LEVEL_3,HIGH,yes,yes,no,no,no,yes,no,,Small ANAHAT training doc,ANAHAT Music Therapy Training (course material; relationship to this project not independently confirmed),,proprietary_ANAHAT_org_ip_relationship_unconfirmed,source_identified_publisher_relationship_unconfirmed,approved_for_ingestion_pending_ip_relationship_confirmation
Joe-Dispenza-Evolve-Your-Brain ( PDFDrive ).pdf,Brain Theory,brain_and_cognition,popular_neuroscience,third_party_book,popular_reference,LEVEL_6,LOW,yes,no,yes,no,no,no,yes,,Popular/self-help neuroscience book; pirated-source filename (PDFDrive) -- copyright flag high; reference-only if kept at all,"Dispenza, Joe",Evolve Your Brain: The Science of Changing Your Mind,do_not_ingest_sourced_from_unauthorized_sharing_aggregator,author_publication_identified_below,do_not_ingest_full_text
Music Therapy & Brain signals processing.pdf,Brain Theory,music_and_brain,eeg_music_response,ANAHAT_own_IP,clinical_reference,LEVEL_3,HIGH,yes,yes,no,no,yes,yes,no,,Small ANAHAT training doc,ANAHAT Music Therapy Training (course material; relationship to this project not independently confirmed),,proprietary_ANAHAT_org_ip_relationship_unconfirmed,source_identified_publisher_relationship_unconfirmed,approved_for_ingestion_pending_ip_relationship_confirmation
Neurological Music Therapy.pdf,Brain Theory,neurologic_music_therapy,nmt_overview,ANAHAT_own_IP,clinical_reference,LEVEL_3,HIGH,yes,yes,no,no,yes,yes,no,,"ANAHAT-letterhead doc (ANAHAT Transformations, Pune)",ANAHAT Music Therapy Training (course material; relationship to this project not independently confirmed),,proprietary_ANAHAT_org_ip_relationship_unconfirmed,source_identified_publisher_relationship_unconfirmed,approved_for_ingestion_pending_ip_relationship_confirmation
brain-health-from-birth-...-9780999676158.pdf,Brain Theory,brain_and_cognition,prenatal_brain_development,third_party_book,clinical_reference,LEVEL_2,LOW,yes,review_pending,yes,no,no,no,yes,,Not obviously relevant to adult music-therapy assessment scope -- confirm relevance before ingest,,,commercially_published_no_ingestion_license_confirmed,source_verification_required,do_not_ingest_full_text
Acupuncture and the Chakra Energy System ( PDFDrive ).pdf,Chakras,traditional_frameworks,chakra_acupuncture,third_party_book,traditional_reference,LEVEL_5,LOW,yes,no,yes,no,no,no,yes,,"71MB scanned/large book, PDFDrive source -- copyright flag high, reference-only",,,do_not_ingest_sourced_from_unauthorized_sharing_aggregator,source_verification_required,do_not_ingest_full_text
Chakras & It_s nature.pdf,Chakras,chakra,chakra_nature,needs_verification,reference,LEVEL_5,MEDIUM,yes,review_pending,no,no,no,no,yes,,Authorship not yet verified,not identified in document text,,unknown_no_rights_holder_identified,source_verification_required,license_review_required
Chakras & Singing Style Association.pdf,Chakras,chakra,chakra_vocal_technique,ANAHAT_own_IP,clinical_reasoning,LEVEL_5,HIGH,yes,yes,no,no,no,no,no,,INGESTED this pass -- see raaga/rag/chakra_raga_reasoning/,ANAHAT Music Therapy Training (course material; relationship to this project not independently confirmed),,proprietary_ANAHAT_org_ip_relationship_unconfirmed,source_identified_publisher_relationship_unconfirmed,approved_for_ingestion_pending_ip_relationship_confirmation
Complete_Book_of_Chakras (Cyndi Dale).pdf,Chakras,traditional_frameworks,chakra_comprehensive,third_party_book,traditional_reference,LEVEL_5,MEDIUM,yes,no,yes,no,no,no,yes,,"Commercial book, 18MB -- copyright/licensing review required before any ingestion",,,commercially_published_no_ingestion_license_confirmed,source_verification_required,do_not_ingest_full_text
Eastern Body Western Mind.pdf,Chakras,traditional_frameworks,chakra_psychology,third_party_book,traditional_reference,LEVEL_5,MEDIUM,yes,no,yes,no,no,no,yes,,Commercial book (Anodea Judith) -- copyright review required,"Judith, Anodea","Eastern Body, Western Mind",commercially_published_no_ingestion_license_confirmed,author_publication_identified_below,do_not_ingest_full_text
ExploringTheChakras.pdf,Chakras,chakra,chakra_overview,needs_verification,reference,LEVEL_5,MEDIUM,yes,review_pending,no,no,no,no,yes,,"Authorship not yet verified, moderate size (424K) -- likely text-extractable",not identified in document text,,unknown_no_rights_holder_identified,source_verification_required,license_review_required
Seven+Senses+Chakra+Guide.pdf,Chakras,chakra,chakra_guide,third_party_book,traditional_reference,LEVEL_5,LOW,yes,no,yes,no,no,no,yes,,"6.8MB, commercial-looking title -- copyright review required",,,commercially_published_no_ingestion_license_confirmed,source_verification_required,do_not_ingest_full_text
Techniques of MusicTherapy.pdf (Chakras copy),Chakras,music_therapy,technique_reference,needs_verification,clinical_technique,LEVEL_3,MEDIUM,yes,review_pending,no,no,no,no,yes,Music Therapy/Techniques of MusicTherapy.pdf,Identical filename appears in Music Therapy folder too -- verify if same file (hash check) or a different document before ingest,,,n/a_duplicate,n/a_duplicate,duplicate
anodea-judith-wheels-of-life.pdf,Chakras,traditional_frameworks,chakra_wheels_of_life,third_party_book,traditional_reference,LEVEL_5,MEDIUM,yes,no,yes,no,no,no,yes,,"Commercial book, 14MB -- copyright review required; this is the primary source the EXISTING KB's chakra_master.json was already partly built from, per that KB's own architecture report -- check for overlap/redundancy before adding more","Judith, Anodea",Wheels of Life: A User's Guide to the Chakra System,commercially_published_no_ingestion_license_confirmed,author_publication_identified_below,do_not_ingest_full_text
chakra-ebook.pdf,Chakras,chakra,chakra_ebook,needs_verification,reference,LEVEL_5,LOW,yes,review_pending,yes,no,no,no,yes,,"Generic filename, authorship unclear",not identified in document text,,unknown_no_rights_holder_identified,source_verification_required,license_review_required
ABC of Music.pdf,Music & Sound,indian_classical_music,music_fundamentals,needs_verification,musicological_reference,LEVEL_4,MEDIUM,yes,review_pending,no,no,no,no,yes,,,not identified in document text,,unknown_no_rights_holder_identified,source_verification_required,license_review_required
Acoustic.pdf,Music & Sound,music_and_brain,acoustics,needs_verification,reference,LEVEL_4,LOW,yes,review_pending,yes,no,no,no,yes,,,not identified in document text,,unknown_no_rights_holder_identified,source_verification_required,license_review_required
Brain waves.docx.pdf,Music & Sound,brain_and_cognition,brainwave_states,needs_verification,reference,LEVEL_UNKNOWN,LOW,yes,review_pending,no,no,no,yes,yes,Brain Theory/Brain Waves.pdf,Possible content overlap with Brain Theory/Brain Waves.pdf -- compare before dual-ingesting,,,n/a_duplicate,n/a_duplicate,duplicate
Experiencing Music.pdf,Music & Sound,music_and_brain,music_perception,needs_verification,reference,LEVEL_4,LOW,yes,review_pending,no,no,no,no,yes,,,not identified in document text,,unknown_no_rights_holder_identified,source_verification_required,license_review_required
Indian Instruments.pdf,Music & Sound,indian_classical_music,instruments,needs_verification,reference,LEVEL_4,LOW,yes,review_pending,no,no,no,no,yes,,,not identified in document text,,unknown_no_rights_holder_identified,source_verification_required,license_review_required
Introduction of Indian Classical Music.pdf,Music & Sound,indian_classical_music,fundamentals,ANAHAT_own_IP,reference,LEVEL_4,HIGH,yes,yes,no,no,yes,no,no,,INGESTED this pass -- see raaga/rag/raga_theory/,ANAHAT Music Therapy Training (course material; relationship to this project not independently confirmed),,proprietary_ANAHAT_org_ip_relationship_unconfirmed,source_identified_publisher_relationship_unconfirmed,approved_for_ingestion_pending_ip_relationship_confirmation
Musical Energies.pdf,Music & Sound,music_and_brain,music_energy_traditional,needs_verification,reference,LEVEL_5,LOW,yes,review_pending,yes,no,no,no,yes,,Title suggests traditional/energetic framing,not identified in document text,,unknown_no_rights_holder_identified,source_verification_required,license_review_required
Noise.pdf,Music & Sound,music_and_brain,acoustics,needs_verification,reference,LEVEL_4,LOW,yes,review_pending,no,no,no,no,yes,,,not identified in document text,,unknown_no_rights_holder_identified,source_verification_required,license_review_required
Raga List.xlsx,Music & Sound,raga,raga_metadata,needs_verification,structured_reference,LEVEL_4,HIGH,yes,n/a_structured,no,no,yes,no,no,,INGESTED this pass -- see raaga/structured/raga_metadata.json (93 ragas),not identified in document text,,unknown_no_rights_holder_identified,source_verification_required,approved_for_ingestion_structured_data
The Sound Spectrum.docx.pdf,Music & Sound,music_and_brain,acoustics,needs_verification,reference,LEVEL_4,LOW,yes,review_pending,no,no,no,no,yes,,,not identified in document text,,unknown_no_rights_holder_identified,source_verification_required,license_review_required
Western Instruments.pdf,Music & Sound,indian_classical_music,instruments,needs_verification,reference,LEVEL_4,LOW,yes,review_pending,no,no,no,no,yes,,Lower priority for an Indian-classical-focused raga engine,not identified in document text,,unknown_no_rights_holder_identified,source_verification_required,license_review_required
World Music.pdf,Music & Sound,music_and_brain,world_music_context,needs_verification,reference,LEVEL_4,LOW,yes,review_pending,no,no,no,no,yes,,,not identified in document text,,unknown_no_rights_holder_identified,source_verification_required,license_review_required
Aspect of healing - Physical & Emotional Body.pdf,Music Therapy,music_therapy,holistic_healing,ANAHAT_own_IP,reference,LEVEL_5,MEDIUM,yes,yes,no,no,no,no,no,,"ANAHAT own IP, text-extractable",ANAHAT Music Therapy Training (course material; relationship to this project not independently confirmed),,proprietary_ANAHAT_org_ip_relationship_unconfirmed,source_identified_publisher_relationship_unconfirmed,approved_for_ingestion_pending_ip_relationship_confirmation
Ayurveda_Redesigned.pdf,Music Therapy,traditional_frameworks,ayurveda,needs_verification,traditional_reference,LEVEL_5,MEDIUM,yes,review_pending,yes,no,no,no,yes,,"2MB, title suggests possibly ANAHAT-adapted but not confirmed -- verify before ingest",not identified in document text,,unknown_no_rights_holder_identified,source_verification_required,license_review_required
Emotional Issues & co-relation of Raga.pdf,Music Therapy,raga_therapeutic_evidence,raga_condition_associations,ANAHAT_own_IP,practitioner_tradition,LEVEL_5,HIGH,yes,yes,no,no,no_pending_review,no,no,,"INGESTED this pass -- see raaga/rag/raga_therapeutic_indications_practitioner/ -- SAFETY FLAGGED, contains serious-condition references",ANAHAT Music Therapy Training (course material; relationship to this project not independently confirmed),,proprietary_ANAHAT_org_ip_relationship_unconfirmed,source_identified_publisher_relationship_unconfirmed,approved_for_ingestion_pending_ip_relationship_confirmation
Equivalent Ragas in Hindustani and Carnatic Music.pdf,Music Therapy,raga,hindustani_carnatic_equivalence,third_party_unattributed,musicological_reference,LEVEL_4,HIGH,yes,yes,no,no,yes,no,yes,,"INGESTED this pass -- see raaga/structured/raga_hindustani_carnatic_equivalents.json (132 rows); no byline found, usage_review_required",not identified in document text,,unknown_no_rights_holder_identified,source_verification_required,approved_for_ingestion
Handbook of Neurologic Music Therapy ( PDFDrive ).pdf,Music Therapy,neurologic_music_therapy,nmt_handbook,third_party_book,clinical_reference,LEVEL_3,MEDIUM,yes,review_pending,yes,no,no,no,yes,,"13MB commercial handbook, PDFDrive source -- copyright review required","Thaut, Michael H. & Hoemberg, Volker (Eds.)",Handbook of Neurologic Music Therapy,do_not_ingest_sourced_from_unauthorized_sharing_aggregator,author_publication_identified_below,do_not_ingest_full_text
Music therapy Techniques.pdf,Music Therapy,music_therapy,techniques,needs_verification,clinical_technique,LEVEL_3,MEDIUM,yes,review_pending,no,no,no,no,yes,,Verify if duplicate of 'Techniques of MusicTherapy.pdf',not identified in document text,,unknown_no_rights_holder_identified,source_verification_required,license_review_required
"Nada Yoga, Indian Healing Technique.pdf",Music Therapy,traditional_frameworks,nada_yoga,third_party_unattributed,traditional_reference,LEVEL_5,MEDIUM,yes,yes,no,no,no,no,yes,,"INGESTED this pass -- see raaga/rag/raga_theory/ -- no byline found, usage_review_required",not identified in document text,,unknown_no_rights_holder_identified,source_verification_required,approved_for_ingestion
Rag Samay Chakra.pdf,Music Therapy,raga_time,raga_time_wheel,needs_verification,musicological_reference,LEVEL_4,HIGH,yes,image_not_text,no,no,yes,no,yes,,"Image-only PDF (raga time-of-day wheel graphic). Visually inspected, referenced at raaga/reference_images/ -- needs manual re-digitization for exact segment boundaries",not identified in document text,,unknown_no_rights_holder_identified,source_verification_required,requires_transcription_before_ingestion
Senior Citizen Issues & co-relation of Raga.pdf,Music Therapy,raga_therapeutic_evidence,raga_condition_associations,ANAHAT_own_IP,practitioner_tradition,LEVEL_5,HIGH,yes,yes,no,no,no_pending_review,no,no,,"INGESTED this pass -- SAFETY FLAGGED, contains serious-condition references",ANAHAT Music Therapy Training (course material; relationship to this project not independently confirmed),,proprietary_ANAHAT_org_ip_relationship_unconfirmed,source_identified_publisher_relationship_unconfirmed,approved_for_ingestion_pending_ip_relationship_confirmation
Techniques of MusicTherapy.pdf (Music Therapy copy),Music Therapy,music_therapy,techniques,needs_verification,clinical_technique,LEVEL_3,MEDIUM,yes,review_pending,no,no,no,no,yes,Chakras/Techniques of MusicTherapy.pdf,Verify vs identically-named file in Chakras folder,,,n/a_duplicate,n/a_duplicate,duplicate
The Selection Of Music For Therapeutic Purposes.pdf,Music Therapy,music_therapy,music_selection_guidance,third_party_unattributed,reference,LEVEL_3,MEDIUM,yes,yes,no,no,yes,no,yes,,"INGESTED this pass -- appears to be a transcribed interview, source unconfirmed, usage_review_required",not identified in document text,,unknown_no_rights_holder_identified,source_verification_required,approved_for_ingestion
Therapeutic Approach Of Indian Classical Music.pdf,Music Therapy,raga_theory,icm_therapeutic_approach,third_party_unattributed,traditional_reference,LEVEL_5,HIGH,yes,yes,no,no,no,no,yes,,"INGESTED this pass -- no byline found, usage_review_required",not identified in document text,,unknown_no_rights_holder_identified,source_verification_required,approved_for_ingestion
music-as-medicine-...-3987589087.pdf,Music Therapy,music_therapy,sleep_anxiety_pain_music,third_party_book,clinical_reference,LEVEL_2,MEDIUM,yes,review_pending,yes,no,no,no,yes,,5.6MB commercial book -- copyright review required,,,commercially_published_no_ingestion_license_confirmed,source_verification_required,do_not_ingest_full_text
music-therapy-in-a-multicultural-context-...9781784508074_compress.pdf,Music Therapy,music_therapy,multicultural_practice,third_party_book,clinical_reference,LEVEL_3,MEDIUM,yes,review_pending,yes,no,no,no,yes,,2MB commercial handbook -- copyright review required,,,commercially_published_no_ingestion_license_confirmed,source_verification_required,do_not_ingest_full_text
music-therapy-research-...david-aldridge.pdf,Music Therapy,music_therapy,research_review,third_party_journal_review,clinical_research,LEVEL_1,HIGH,yes,review_pending,no,no,no,no,yes,,"Only LEVEL_1 candidate in the whole upload -- prioritize for review, likely the strongest evidence source available",,,commercially_published_no_ingestion_license_confirmed,source_verification_required,do_not_ingest_full_text
musicophilia-tales-of-music-and-the-brain_compress.pdf,Music Therapy,music_and_brain,clinical_case_narratives,third_party_book,clinical_reference,LEVEL_2,MEDIUM,yes,review_pending,yes,no,no,no,yes,,"Oliver Sacks book, 12MB -- copyright review required","Sacks, Oliver",Musicophilia: Tales of Music and the Brain,commercially_published_no_ingestion_license_confirmed,author_publication_identified_below,do_not_ingest_full_text
the-handbook-of-music-therapy-2nd-edition_compress.pdf,Music Therapy,music_therapy,comprehensive_handbook,third_party_book,clinical_reference,LEVEL_3,MEDIUM,yes,review_pending,yes,no,no,no,yes,,"53MB commercial handbook, largest file in upload -- copyright review required, high effort to chunk","Bunt, Leslie; Hoskyns, Sarah; Swamy, Sangeeta (Eds.)","The Handbook of Music Therapy, 2nd ed.",commercially_published_no_ingestion_license_confirmed,author_publication_identified_below,do_not_ingest_full_text
DSM 5 TR-APA (2022).pdf,"Physiology , Disorders",medical_context,psychiatric_diagnostic_criteria,third_party_manual,clinical_reference,LEVEL_2,LOW,yes,no,yes,no,no_never,no,yes,,"Copyrighted APA manual -- diagnostic criteria must never drive chakra/raga logic per project mandate ('system must not diagnose'); reference-only at most, licensing review required before even that",American Psychiatric Association,"Diagnostic and Statistical Manual of Mental Disorders, 5th ed., Text Revision (DSM-5-TR)",commercially_published_no_ingestion_license_confirmed,author_publication_identified_below,do_not_ingest_full_text
Fundamentals-of-Psychological-Disorders-3rd-edition-5TR.pdf,"Physiology , Disorders",medical_context,psychological_disorders,third_party_book,clinical_reference,LEVEL_2,LOW,yes,no,yes,no,no_never,no,yes,,"Same constraint as DSM-5-TR -- disorder taxonomy is context-only, never a chakra/raga driver",,,commercially_published_no_ingestion_license_confirmed,source_verification_required,do_not_ingest_full_text
Grant_s Atlas of Anatomy.pdf,"Physiology , Disorders",anatomy,gross_anatomy,third_party_atlas,clinical_reference,LEVEL_2,LOW,yes,no,yes,no,yes,no,yes,,"55MB image-heavy atlas -- copyright review required, low ingestion priority (general anatomy, not specific to symptom context needed)","Agur, A.M.R. & Dalley, A.F. (likely -- standard authorship of this title across editions)",Grant's Atlas of Anatomy,commercially_published_no_ingestion_license_confirmed,author_publication_identified_below,do_not_ingest_full_text
Power-ed-Modd-Disorders-A-Handbook.pdf,"Physiology , Disorders",medical_context,mood_disorders,third_party_book,clinical_reference,LEVEL_2,LOW,yes,no,yes,no,no_never,no,yes,,Same diagnostic-manual constraint as DSM-5-TR,,,commercially_published_no_ingestion_license_confirmed,source_verification_required,do_not_ingest_full_text
Textbook of Human Anatomy.pdf,"Physiology , Disorders",anatomy,gross_anatomy,third_party_textbook,clinical_reference,LEVEL_2,LOW,yes,no,yes,no,yes,no,yes,,42MB -- copyright review required,,,commercially_published_no_ingestion_license_confirmed,source_verification_required,do_not_ingest_full_text
1-2-3 Magic ( PDFDrive ).pdf,"Psychology , Bodylanguage",psychology,parenting,third_party_book,popular_reference,LEVEL_6,LOW,yes,no,yes,no,no,no,yes,,"Parenting book -- outside core adult-assessment scope, likely excludable",,,do_not_ingest_sourced_from_unauthorized_sharing_aggregator,source_verification_required,do_not_ingest_full_text
Brain_Mind_Behaviour.pdf (Psych copy),"Psychology , Bodylanguage",psychology,neuropsychology,third_party_book,clinical_reference,LEVEL_2,MEDIUM,yes,review_pending,no,no,no,yes,yes,Brain Theory/Brain_Mind_Behaviour.pdf,Duplicate filename appears in both Brain Theory and Psychology folders -- hash-check before ingesting twice,,,n/a_duplicate,n/a_duplicate,duplicate
Cognitive_Psychology_6e (PDFDrive).pdf,"Psychology , Bodylanguage",psychology,cognitive_psychology,third_party_textbook,clinical_reference,LEVEL_2,MEDIUM,yes,review_pending,yes,no,no,no,yes,,9.6MB textbook -- copyright review required,,,do_not_ingest_sourced_from_unauthorized_sharing_aggregator,source_verification_required,do_not_ingest_full_text
Emotion and Healing in the Energy Body ( PDFDrive ).pdf,"Psychology , Bodylanguage",traditional_frameworks,energy_body,third_party_book,traditional_reference,LEVEL_5,LOW,yes,no,yes,no,no,no,yes,,"Massage/yoga energy-body framework -- traditional, low priority",,,do_not_ingest_sourced_from_unauthorized_sharing_aggregator,source_verification_required,do_not_ingest_full_text
Gift-Of-Therapy-...Irvin-D.-Yalom.pdf,"Psychology , Bodylanguage",psychology,psychotherapy_practice,third_party_book,clinical_reference,LEVEL_2,LOW,yes,no,yes,no,no,no,yes,,Commercial book -- copyright review required,,,commercially_published_no_ingestion_license_confirmed,source_verification_required,do_not_ingest_full_text
Handbook-of-Psychological-Assessment.pdf,"Psychology , Bodylanguage",assessment,psych_assessment_methods,third_party_handbook,clinical_reference,LEVEL_2,MEDIUM,yes,review_pending,yes,no,no,no,yes,,9.2MB -- copyright review required; relevant to 10-quadrant assessment design,,,commercially_published_no_ingestion_license_confirmed,source_verification_required,do_not_ingest_full_text
Neuro Linguistic Programming WorkBook.pdf,"Psychology , Bodylanguage",psychology,nlp,third_party_book,popular_reference,LEVEL_6,LOW,yes,no,yes,no,no,no,yes,,"NLP has weak evidence base -- LEVEL_6, reference-only if kept",,,commercially_published_no_ingestion_license_confirmed,source_verification_required,do_not_ingest_full_text
The-Body-Keeps-the-Score-PDF.pdf,"Psychology , Bodylanguage",psychology,trauma,third_party_book,clinical_reference,LEVEL_2,MEDIUM,yes,review_pending,yes,no,no,no,yes,,Well-known trauma book (van der Kolk) -- copyright review required; content aligns with existing trauma-informed governance Rule 3,"van der Kolk, Bessel","The Body Keeps the Score: Brain, Mind, and Body in the Healing of Trauma",commercially_published_no_ingestion_license_confirmed,author_publication_identified_below,do_not_ingest_full_text
emotions-revealed-by-paul-ekman1.pdf,"Psychology , Bodylanguage",emotions,facial_expression,third_party_book,clinical_reference,LEVEL_2,LOW,yes,no,yes,no,no,no,yes,,Copyright review required,"Ekman, Paul",Emotions Revealed,commercially_published_no_ingestion_license_confirmed,author_publication_identified_below,do_not_ingest_full_text
pdfcoffee.com_irvin-yalom-3-pdf-free.pdf,"Psychology , Bodylanguage",psychology,psychotherapy_practice,third_party_book,clinical_reference,LEVEL_2,LOW,yes,no,yes,no,no,no,yes,,"Filename indicates a piracy-aggregator source (pdfcoffee.com) -- high copyright risk, exclude from ingestion pending explicit legitimate-source confirmation","Yalom, Irvin D. (likely -- filename suggests a Yalom title, exact title not confirmable from filename alone)","unknown -- filename gives no title, only author surname and a piracy-aggregator domain",do_not_ingest_sourced_from_unauthorized_sharing_aggregator,author_publication_identified_below,do_not_ingest_full_text
the_dictionary_of_body_language_-_Joe_Navarro.pdf,"Psychology , Bodylanguage",behaviour,body_language,third_party_book,clinical_reference,LEVEL_2,LOW,yes,no,yes,no,no,no,yes,,Copyright review required,"Navarro, Joe",The Dictionary of Body Language,commercially_published_no_ingestion_license_confirmed,author_publication_identified_below,do_not_ingest_full_text
unmasking-the-face_compress.pdf,"Psychology , Bodylanguage",emotions,facial_expression,third_party_book,clinical_reference,LEVEL_2,LOW,yes,no,yes,no,no,no,yes,,Copyright review required,,,commercially_published_no_ingestion_license_confirmed,source_verification_required,do_not_ingest_full_text
